Id,nome,idade,cpf,email,telefone,cep,senha
1,User1,30,751.525.391-60,user1@example.com,(87)96763-3812,68963-543,w4HKa0sbKa
2,User2,48,297.393.211-43,user2@example.com,(10)98876-8276,85125-148,ofP36V5sVo
3,User3,62,305.888.487-78,user3@example.com,(50)92099-5113,95051-930,BjMz5rS64u
4,User4,35,042.705.440-07,user4@example.com,(44)99616-1664,20592-595,SAsZbmt7KK
5,User5,26,561.513.791-60,user5@example.com,(96)92735-5909,10429-798,bgTmrQVVLK
6,User6,58,063.415.800-70,user6@example.com,(63)95995-8264,42029-730,loBIUEvYN9
7,User7,23,425.171.311-71,user7@example.com,(66)95224-4665,69876-867,d27XgSHayF
8,User8,56,396.908.623-08,user8@example.com,(74)93882-5003,24859-771,indmYEaM5y
9,User9,19,270.301.386-86,user9@example.com,(78)93609-2878,19561-692,ESjM4dGG3f
10,User10,33,254.112.885-17,user10@example.com,(81)99923-5293,37354-618,TiaPz2fgfA
11,User11,22,746.697.606-96,user11@example.com,(64)94694-2170,51491-761,7guIsPudyx
12,User12,63,035.733.186-90,user12@example.com,(33)99940-9854,67377-496,tVWll6OCX6
13,Lucas,37,798.155.334-28,Lucas13@example.com,(76)96847-7175,76595-691,6ppkSR10i7
14,User14,47,322.565.647-03,user14@example.com,(82)97016-5848,27090-790,cJH2Bm7UA2
15,User15,30,439.957.703-71,user15@example.com,(86)99192-3249,29863-160,iIRYXf015q
16,User16,62,112.562.185-02,user16@example.com,(77)93390-9533,35947-606,sifCkLt9t0
17,User17,65,081.316.709-45,user17@example.com,(48)98285-8760,34679-486,iftXdDronY
18,User18,35,031.570.637-66,user18@example.com,(68)99055-2172,21617-302,NrybimM427
19,User19,22,971.183.679-31,user19@example.com,(90)97004-2843,67062-706,92RM5Ho48x
20,User20,32,259.113.631-94,user20@example.com,(83)96634-9364,25291-790,GKynLVHIlD
21,User21,59,444.743.171-81,user21@example.com,(83)97304-2120,48834-444,jyAgW6ljOK
22,User22,20,512.563.304-69,user22@example.com,(49)96971-8250,32969-428,xQgtvC1DTQ
23,User23,33,075.127.425-92,user23@example.com,(81)95069-3548,87613-965,WuJ3okHzA9
24,Livia,56,981.437.253-67,Livia24@example.com,(85)94397-1399,98933-933,YLWeul9H5O
25,User25,19,935.842.201-73,user25@example.com,(96)91056-4042,54025-219,z8binU5wze
26,User26,51,909.889.626-08,user26@example.com,(33)92814-2906,45982-729,0RL3y4zu2e
27,User27,18,959.853.646-74,user27@example.com,(70)94722-3953,61024-166,t562wIbp1n
28,User28,33,721.218.436-55,user28@example.com,(67)95161-7355,85767-114,aVsdvelL3e
29,Andre,43,324.757.088-83,Andre29@example.com,(80)96976-9050,25114-443,8jNcAA6oj4
30,User30,44,417.837.528-82,user30@example.com,(12)93273-2434,44265-772,498NPmvlcA
31,User31,53,768.313.291-87,user31@example.com,(90)93986-6029,47251-271,cuqSTlui0w
32,User32,30,637.090.338-88,user32@example.com,(99)91872-8240,23763-840,kTagfROqor
33,User33,43,818.713.808-47,user33@example.com,(24)95543-9619,44693-299,ZF0PlWolks
34,User34,61,064.279.268-29,user34@example.com,(66)98954-6516,10847-962,qmclw0WtAu
35,User35,42,728.268.389-11,user35@example.com,(16)99348-5653,39023-296,zDWfPIRE7v
36,User36,41,882.027.691-75,user36@example.com,(31)98497-1328,75856-524,3KiTdwMTYo
37,User37,52,621.677.952-46,user37@example.com,(89)94652-4613,37434-955,HCJLHagOrK
38,User38,40,070.321.086-60,user38@example.com,(29)94838-9018,75118-878,auOouaOJkM
39,User39,45,286.298.094-34,user39@example.com,(30)97965-9268,55277-543,uZto5UJ7Ly
40,User40,65,165.715.887-06,user40@example.com,(99)96470-6724,91139-966,wyPwtpobiC
41,User41,25,954.347.467-24,user41@example.com,(61)93227-5472,73289-791,o07L72qUZ6
42,User42,40,765.619.163-10,user42@example.com,(65)92616-3475,55637-752,JE8hqVPlTg
43,User43,60,954.951.127-84,user43@example.com,(96)94541-5779,84486-363,IbTH8FV3xD
44,User44,38,465.072.726-04,user44@example.com,(61)97378-5554,97875-265,WbaofdTaS3
45,User45,47,434.588.695-30,user45@example.com,(25)97916-8417,74431-984,ONKPaRKQNm
46,User46,22,441.073.532-22,user46@example.com,(71)92852-8547,61518-803,2uA0LSWL49
47,User47,27,400.983.049-25,user47@example.com,(71)95279-9313,50228-226,bkJHZcNdJc
48,User48,58,894.701.765-53,user48@example.com,(20)99067-3292,78049-628,0M3HWQnxv1
49,User49,58,849.485.493-39,user49@example.com,(95)96824-2050,70130-477,0A0A7EnT8c
50,User50,50,361.053.958-50,user50@example.com,(97)97478-1468,47783-332,NmeqC3ixGX
51,User51,51,826.378.085-35,user51@example.com,(69)96978-2648,38717-533,y7bk8ljXAC
52,User52,37,115.117.981-73,user52@example.com,(98)94378-9410,12337-286,WKEviflXZX
53,User53,44,392.854.390-39,user53@example.com,(94)96127-2876,43058-710,wdSLzWW7nV
54,User54,56,166.207.078-07,user54@example.com,(68)95205-3833,35066-393,t3HNlirpIC
55,User55,45,695.189.081-17,user55@example.com,(22)93634-8112,89371-261,fWxcyeOHI8
56,User56,20,594.937.653-69,user56@example.com,(32)97153-7751,82210-535,HOQ0o2mT1I
57,User57,25,673.929.747-93,user57@example.com,(87)95267-3763,60573-399,RDNHVB0StE
58,User58,65,359.163.335-60,user58@example.com,(14)99627-2662,44360-291,CezyyDVhno
59,User59,29,481.588.184-71,user59@example.com,(78)91003-7519,52508-538,d5eEU3h43q
60,User60,42,721.928.025-44,user60@example.com,(96)95757-7593,80375-186,fy1POChbjO
61,User61,52,262.965.932-10,user61@example.com,(46)92238-9597,17265-501,7jMpaNONLT
62,User62,20,520.681.173-47,user62@example.com,(79)94820-6129,71846-688,DCpj0ni8QV
63,User63,29,260.743.605-29,user63@example.com,(59)97701-4052,21769-393,GptSdLND1c
64,User64,30,683.869.473-57,user64@example.com,(63)95413-4682,62490-978,srb6Htn5mi
65,User65,44,121.309.979-02,user65@example.com,(82)98492-6391,72878-170,ZLTuKJ9fs4
66,User66,41,628.440.619-31,user66@example.com,(23)95385-6662,58760-492,Uo3J1SMLEZ
67,User67,63,816.566.452-20,user67@example.com,(72)93032-5546,66278-470,ANWPrCEXSR
68,User68,36,509.921.758-36,user68@example.com,(56)93509-1201,54311-982,YjLY9K64vO
69,User69,24,313.955.127-44,user69@example.com,(51)99704-7168,46667-543,494rz4vxof
70,User70,44,776.245.320-26,user70@example.com,(28)96554-4861,54765-276,be0N8mFhEX
71,User71,32,727.573.940-29,user71@example.com,(91)95531-7164,66003-990,0HyARYBeFQ
72,User72,33,900.923.024-40,user72@example.com,(59)95626-2530,59583-144,HzhRNBwtPG
73,User73,49,612.960.157-34,user73@example.com,(87)97069-8017,82031-579,xCEV5zN7df
74,User74,36,321.624.266-84,user74@example.com,(85)92827-8596,49423-840,Uo29BHzOvu
75,User75,41,784.051.184-89,user75@example.com,(53)98332-5313,20643-823,nGnYlFSaVn
76,User76,23,078.766.467-78,user76@example.com,(28)91453-7111,66636-352,21opXNf7rv
77,User77,42,629.509.087-72,user77@example.com,(18)98833-1544,38436-303,kVl3PGDkX3
78,User78,34,665.934.730-57,user78@example.com,(97)99906-1247,98711-447,GWGvaNTBiB
79,User79,38,764.307.158-68,user79@example.com,(18)93344-1561,83880-493,ZIgWTIo72W
80,User80,32,151.293.359-70,user80@example.com,(34)95762-9412,71633-174,qDNczACoth
81,User81,35,714.715.084-80,user81@example.com,(32)93891-8997,31887-643,1w2UENHGdi
82,User82,53,110.441.856-86,user82@example.com,(11)98517-8638,84952-129,e5exbcMjky
83,User83,27,015.779.572-10,user83@example.com,(16)91232-7251,99085-593,WRSeSoL37H
84,User84,30,240.450.523-80,user84@example.com,(54)93077-4550,19760-281,yPd5AO7VeO
85,User85,24,736.942.351-40,user85@example.com,(99)91766-8518,90168-605,EedfXDSUHg
86,User86,39,168.462.641-24,user86@example.com,(91)98065-4891,43680-441,jZyWU3qk5X
87,User87,20,402.657.547-04,user87@example.com,(94)95759-5607,64832-147,nbCwOl6pyg
88,User88,53,231.725.152-14,user88@example.com,(10)94368-9978,70619-104,vEXwxmT0XQ
89,User89,53,395.739.034-66,user89@example.com,(75)94931-3656,97493-634,YCEOq7CNia
90,User90,55,992.866.177-47,user90@example.com,(44)98034-4701,86710-645,JId8xQnIkC
91,User91,31,301.376.608-55,user91@example.com,(12)99492-3168,26761-317,aFulseN7oQ
92,User92,63,720.495.047-05,user92@example.com,(33)96055-9684,13635-246,nMeOHMMKAb
93,User93,19,645.542.704-16,user93@example.com,(95)95788-4276,35371-382,l5eN6NeFhM
94,User94,41,929.461.273-20,user94@example.com,(98)99023-5043,46533-134,u4Vm3m6tnQ
95,User95,47,133.243.964-09,user95@example.com,(31)92190-9716,86965-419,2QmNoKH5Sz
96,User96,34,117.083.278-43,user96@example.com,(47)91749-9048,93326-730,KMG6VECSfe
97,User97,34,826.112.616-10,user97@example.com,(11)98967-6940,85315-226,n63frckLtI
98,User98,32,450.976.938-50,user98@example.com,(33)97184-7203,17754-457,uquQ6qXuO8
99,User99,46,915.537.050-09,user99@example.com,(80)93445-4626,90811-547,p6rTzImKss
100,User100,23,051.824.752-09,user100@example.com,(60)99097-6609,28861-414,UdnmonH6Am
101,User101,19,222.788.022-83,user101@example.com,(37)93242-4773,94324-391,fNdco0D7Zf
102,User102,60,531.745.770-04,user102@example.com,(62)97112-7576,25100-890,4WvoL94ZJl
103,User103,54,558.679.276-10,user103@example.com,(27)98745-4774,50065-656,rSTczsxFFB
104,User104,52,763.741.324-16,user104@example.com,(51)96141-1241,86073-857,HkYkEKumGa
105,User105,60,265.420.192-94,user105@example.com,(22)91989-5742,87816-956,vsWGfHbEDC
106,User106,59,939.957.362-11,user106@example.com,(13)94440-7790,93723-621,5ktIdw5Eqw
107,User107,18,703.883.666-80,user107@example.com,(28)94069-6968,38826-647,jvtEyWLyXm
108,User108,20,244.257.290-72,user108@example.com,(41)98954-9729,29844-657,6xFAMPeK9l
109,User109,47,415.621.091-03,user109@example.com,(64)92781-8491,65358-339,L3s3dDtFac
110,User110,20,686.474.638-03,user110@example.com,(18)92032-6964,12533-836,EGvqMqtyzA
111,User111,54,242.739.877-24,user111@example.com,(43)96372-8190,33627-370,b9Tjl9VAyR
112,User112,34,174.555.892-63,user112@example.com,(81)97446-9411,78823-776,QoOLus79yr
113,User113,38,174.952.122-92,user113@example.com,(77)94502-8441,14887-989,He6QneZ6Mn
114,User114,63,547.432.385-95,user114@example.com,(41)92866-1900,70951-834,vPLIA6GZsL
115,User115,43,709.448.955-22,user115@example.com,(79)96812-2463,90397-424,iHXOkmAPcx
116,User116,24,677.832.066-46,user116@example.com,(80)96514-5871,60892-670,XC2hzuYV5f
117,User117,57,938.010.669-67,user117@example.com,(94)95929-5570,45968-251,96zcqSwerL
118,User118,31,869.732.634-61,user118@example.com,(39)94900-9840,11110-848,UEiH1579Ju
119,User119,18,352.415.522-78,user119@example.com,(65)95618-8313,86276-602,LGM9lLrhAg
120,User120,44,028.769.524-75,user120@example.com,(51)92555-3160,40561-298,svhGuDiaPv
121,User121,24,468.061.815-97,user121@example.com,(63)96504-8462,99647-847,oEJpIJ4SG6
122,User122,48,673.286.823-37,user122@example.com,(70)98671-6332,41101-580,NhEeHFGoEQ
123,User123,35,790.682.550-02,user123@example.com,(15)98687-5862,74227-791,CBONr3nzvC
124,User124,35,058.468.026-05,user124@example.com,(61)98274-9817,76956-758,BvteG3OHjP
125,User125,50,779.251.653-91,user125@example.com,(86)99057-6735,14186-351,F44ZJE3FKv
126,User126,27,114.775.663-50,user126@example.com,(13)99540-4731,40680-818,1Xj2LA5ClV
127,User127,50,665.445.669-69,user127@example.com,(82)96496-2589,56326-178,ysxMWfd2oB
128,User128,28,272.887.355-08,user128@example.com,(34)99720-6196,50785-489,Zt4DmvM78T
129,User129,48,937.884.963-63,user129@example.com,(63)94204-8451,70971-560,j1WRc2ghFU
130,User130,52,568.540.035-71,user130@example.com,(84)98584-7258,10323-418,umCT7osBPS
131,User131,22,196.152.299-38,user131@example.com,(55)97227-3367,49972-121,SmuPVncfLn
132,User132,29,678.572.302-78,user132@example.com,(51)97603-3427,75809-557,TjPFukEMno
133,User133,62,298.706.525-65,user133@example.com,(73)99597-3059,24880-712,cSHmVvQfBr
134,User134,45,404.035.789-22,user134@example.com,(72)99875-2810,60260-462,WwuHyZyXHy
135,User135,38,842.720.694-11,user135@example.com,(49)91500-7331,32728-687,ryEpC6QYzh
136,User136,33,346.533.483-32,user136@example.com,(71)93712-3561,59111-178,SfDtplsssY
137,User137,39,676.865.080-72,user137@example.com,(98)94362-7268,55408-931,Kct1Ef9nIn
138,User138,20,889.217.035-00,user138@example.com,(32)95311-7511,23286-795,ZNU1tqkmBH
139,User139,58,860.812.407-62,user139@example.com,(35)95624-4222,77755-878,lOuQ8t0vMa
140,User140,29,571.457.946-16,user140@example.com,(72)92291-7908,47751-324,zhF0gVfnm3
141,User141,23,781.722.185-59,user141@example.com,(44)94438-4273,55491-542,jTqJGkjL9W
142,User142,55,414.868.557-25,user142@example.com,(54)91610-9572,29282-453,feqhg6D20o
143,User143,24,137.980.038-23,user143@example.com,(62)95550-9117,15804-688,cxz0I1mWUF
144,User144,38,421.847.190-80,user144@example.com,(30)92878-3239,38800-939,uwTW4D0Ni9
145,User145,18,310.713.978-50,user145@example.com,(92)98763-7264,31072-789,8ofrMGdAKN
146,User146,25,423.216.953-90,user146@example.com,(64)95730-1975,23100-972,udLVn8II2l
147,User147,46,848.056.042-80,user147@example.com,(72)97144-1326,17104-808,AfoZcH8Vpr
148,User148,60,542.022.803-34,user148@example.com,(14)96457-6483,62469-629,DK6M32vLq5
149,User149,24,445.172.735-98,user149@example.com,(47)98780-9139,79384-406,H0AXSoIoHl
150,User150,44,547.764.012-07,user150@example.com,(56)96485-9437,30122-687,4BCTuD52hk
151,User151,37,187.015.335-92,user151@example.com,(67)96979-8050,33972-669,tjw14sFtJ3
152,User152,41,029.858.032-25,user152@example.com,(55)97881-7449,79404-937,o9NE3U6iqL
153,User153,60,160.552.301-19,user153@example.com,(88)97930-7330,78089-566,PFMm5n5nOe
154,User154,32,507.983.989-90,user154@example.com,(17)97736-9710,17267-186,P4BgbMkpZa
155,User155,61,247.698.937-10,user155@example.com,(85)93899-8121,57676-935,NsqW4xdVjK
156,User156,25,661.996.332-37,user156@example.com,(50)94075-1251,86878-344,2ip3MbI1LY
157,User157,41,936.746.278-68,user157@example.com,(32)97312-7214,21851-283,Quxd86EcBS
158,User158,19,046.542.951-35,user158@example.com,(43)92713-1925,57319-800,LM40xQnAJY
159,User159,51,304.298.916-01,user159@example.com,(20)96227-2725,48941-499,mJAFxi8Eb4
160,User160,35,301.006.851-45,user160@example.com,(43)98362-9298,73126-829,rktL4mmDhk
161,User161,22,608.410.806-74,user161@example.com,(65)97404-5374,12013-477,mIg95midfa
162,User162,50,730.953.838-27,user162@example.com,(61)92727-6378,98250-317,iELLQCg2nU
163,User163,41,294.758.852-50,user163@example.com,(59)95778-9169,48804-302,HkpIAB9CUG
164,User164,60,928.401.127-28,user164@example.com,(85)92527-7459,35965-273,NhnrTTnQXt
165,User165,43,086.575.044-05,user165@example.com,(23)95110-3150,24042-583,fuW8u3o5d3
166,User166,32,698.602.247-65,user166@example.com,(57)92076-9135,16077-232,5ZMSNpSKJ6
167,User167,24,332.461.437-65,user167@example.com,(60)96909-3461,24737-557,wbI25bgBdV
168,User168,56,785.045.738-26,user168@example.com,(78)92131-5874,53041-420,Rb7fiBBgQ7
169,User169,35,699.499.880-04,user169@example.com,(92)93454-7922,56211-940,D6BC5Dre5y
170,User170,19,142.264.674-26,user170@example.com,(85)98165-6264,72015-922,tjJxrRlvWA
171,User171,32,239.473.261-06,user171@example.com,(30)97272-3221,53617-215,WBzcIiXnfr
172,User172,62,221.436.742-01,user172@example.com,(22)98080-9748,64362-265,Z0ZkZVfqpB
173,User173,25,969.018.268-42,user173@example.com,(70)98653-1887,46364-271,CUBOPG34C3
174,User174,41,027.473.686-10,user174@example.com,(68)95044-2503,74681-676,c8Yepbaz0h
175,User175,57,372.920.659-10,user175@example.com,(67)93717-6936,38499-199,VAMM9kA5KG
176,User176,50,769.794.358-17,user176@example.com,(37)91000-4518,16922-619,7PB4hFYwLg
177,User177,54,583.140.941-45,user177@example.com,(24)92413-4956,33417-827,NqQACfKjmb
178,User178,45,126.201.930-36,user178@example.com,(57)91745-6543,65796-628,EzVKwdXONR
179,User179,56,802.872.142-73,user179@example.com,(42)98968-9566,37886-267,7LryaDv1DG
180,User180,29,889.660.733-79,user180@example.com,(89)93507-3809,16085-191,rxw0SfoN0x
181,User181,49,688.896.472-80,user181@example.com,(11)97105-2904,40347-889,nCzLvZO5vl
182,User182,32,071.074.455-29,user182@example.com,(28)93261-5780,84630-207,dWkiB6L95o
183,User183,33,719.263.739-44,user183@example.com,(83)94301-4845,46008-304,Vkp5FKGO38
184,User184,18,231.148.557-17,user184@example.com,(78)98236-9469,21950-564,8U5n5WtG5T
185,User185,47,365.569.389-39,user185@example.com,(98)91950-4246,76460-715,LRA5NdwcF1
186,User186,63,265.176.417-50,user186@example.com,(61)91261-5648,69034-169,xPYoQmkdmr
187,User187,36,626.689.991-46,user187@example.com,(85)92220-3289,97535-198,fLcskIe7x7
188,User188,52,261.090.024-45,user188@example.com,(72)99675-5560,51983-622,x8hbnT13sy
189,User189,32,881.605.847-17,user189@example.com,(98)91423-4246,17869-709,Hk0XasoylD
190,User190,49,429.869.778-98,user190@example.com,(35)94655-1580,99884-959,BVSGBdQ3Wb
191,User191,65,070.935.695-10,user191@example.com,(93)96989-3800,63953-197,RdxG1TXCmC
192,User192,43,192.816.625-31,user192@example.com,(16)96810-8124,72260-475,BCDRAA6uQO
193,User193,62,636.891.467-04,user193@example.com,(31)98411-5265,98331-137,An3HyShNu6
194,User194,51,793.309.738-33,user194@example.com,(30)95440-8736,87515-833,ravUtt238M
195,User195,58,441.994.044-14,user195@example.com,(14)97890-6768,90989-610,9f0ZA48kMD
196,User196,49,386.799.120-00,user196@example.com,(72)99959-2195,85614-821,gmeisejbCw
197,User197,34,124.092.000-87,user197@example.com,(26)93794-5186,69161-892,TB1BuoZ2zU
198,User198,44,207.343.191-77,user198@example.com,(12)96058-5263,64573-614,OjNBDxXs2X
199,User199,47,240.958.346-68,user199@example.com,(85)96399-3595,54353-367,WWpZ3BYUGg
200,User200,33,085.472.226-26,user200@example.com,(29)99187-2916,48914-842,g0hnLB6O6M